Country,City
Algeria,Algiers
Algeria,Annaba
Algeria,Bab Ezzouar
Algeria,Bejaïa
Algeria,Beni Saf
Algeria,Bordj el Kiffan
Algeria,Boumerdas
Algeria,Dellys
Algeria,Jijel
Algeria,Mers el Kebir
Algeria,Mostaganem
Algeria,Oran
Algeria,Skikda
Algeria,Tipasa
Algeria,’Aïn el Turk
Angola,Benguela
Angola,Cabinda
Angola,Lobito
Angola,Luanda
Angola,Soio
Cameroon,Bamusso
Cameroon,Bonabéri
Cameroon,Douala
Cape,Calheta
Cape,Cidade Velha
Cape,Pombas
Cape,Ponta do Sol
Cape,Porto dos Mosteiros
Cape,Porto Novo
Cape,Praia
Cape,Ribeira Grande
Cape,Sal Rei
Cape,Santa Maria
Cape,Tarrafal de São Nicolau
Cape,Vila do Maio
Congo,Loandjili
Congo,Pointe-Noire
Djibouti,Djibouti
Djibouti,Loyada
Djibouti,Obock
Djibouti,Tadjoura
Egypt,Al Maţarīyah
Egypt,Al Quşayr
Egypt,Alexandria
Egypt,Dhahab
Egypt,El Gouna
Egypt,Hurghada
Egypt,Idkū
Egypt,Makadi Bay
Egypt,Marsá Maţrūḩ
Egypt,Nuwaybi‘a
Egypt,Port Said
Egypt,Sharm el-Sheikh
Egypt,Suez
Egypt,‘Izbat al Burj
Equatorial,Bata
Equatorial,Luba
Equatorial,Malabo
Equatorial,Mbini
Equatorial,Río Campo
Eritrea,Assab
Eritrea,Edd
Eritrea,Massawa
Gabon,Cocobeach
Gabon,Libreville
Gabon,Mayumba
Gabon,Port-Gentil
Ghana,Accra
Ghana,Apam
Ghana,Axim
Ghana,Cape Coast
Ghana,Elmina
Ghana,Keta
Ghana,Mumford
Ghana,Saltpond
Ghana,Sekondi-Takoradi
Ghana,Shama Junction
Ghana,Takoradi
Ghana,Tema
Ghana,Teshi
Ghana,Winneba
Guinea,Boffa
Guinea,Camayenne
Guinea,Conakry
Guinea,Bissau
Guinea,Bolama
Guinea,Bubaque
Guinea,Cacheu
Ivory,Abidjan
Ivory,Grand-Bassam
Ivory,Grand-Lahou
Ivory,San-Pédro
Ivory,Sassandra
Ivory,Tabou
Kenya,Gazi
Kenya,Kilifi
Kenya,Kipini
Kenya,Lamu
Kenya,Malindi
Kenya,Mombasa
Kenya,Shimoni
Kenya,Takaungu
Kenya,Wasini Island
Liberia,Buchanan
Liberia,Greenville
Liberia,Harper
Liberia,Monrovia
Liberia,River Cess
Liberia,Robertsport
Madagascar,Ambodifotatra
Madagascar,Anakao
Madagascar,Andoany
Madagascar,Andovoranto
Madagascar,Antalaha
Madagascar,Antsiranana
Madagascar,Fenoarivo Atsinanana
Madagascar,Fort Dauphin
Madagascar,Mahajanga
Madagascar,Mahavelona
Madagascar,Manakara
Madagascar,Mananara Avaratra
Madagascar,Maroantsetra
Madagascar,Nosy Varika
Madagascar,Sambava
Madagascar,Soanierana Ivongo
Madagascar,Toamasina
Madagascar,Toliara
Mauritius,Bambous Virieux
Mauritius,Beau Vallon
Mauritius,Bois des Amourettes
Mauritius,Cap Malheureux
Mauritius,Grand Baie
Mauritius,Grand Gaube
Mauritius,Grand Sable
Mauritius,Grande Pointe aux Piments
Mauritius,Grande Rivière Noire
Mauritius,Grande Rivière Sud Est
Mauritius,Mahébourg
Mauritius,Petite Case Noyale
Mauritius,Port Louis
Mauritius,Port Mathurin
Mauritius,Poste de Flacq
Mauritius,Quatre Soeurs
Mauritius,Rivière du Rempart
Mauritius,Roches Noire
Mauritius,Souillac
Mauritius,Tamarin
Morocco,Agadir
Morocco,Al Hoceïma
Morocco,Asilah
Morocco,Azla
Morocco,Casablanca
Morocco,El Jadida
Morocco,Essaouira
Morocco,Kariat Arkmane
Morocco,Larache
Morocco,Martil
Morocco,Mohammedia
Morocco,Nador
Morocco,Rabat
Morocco,Safi
Morocco,Salé
Morocco,Taghazout
Morocco,Tangier
Morocco,Tizgane
Mozambique,António Enes
Mozambique,Beira
Mozambique,Cidade de Nacala
Mozambique,Ilha de Moçambique
Mozambique,Inhambane
Mozambique,Maputo
Mozambique,Matola
Mozambique,Maxixe
Mozambique,Mocímboa
Mozambique,Pemba
Mozambique,Quelimane
Namibia,Henties Bay
Namibia,Lüderitz
Namibia,Mile 108
Namibia,Mile 72
Namibia,Oranjemund
Namibia,Swakopmund
Namibia,Terrace Bay
Namibia,Torra Bay
Namibia,Walvis Bay
Namibia,Wlotzkasbaken
Nigeria,Bonny
Nigeria,Brass
Nigeria,Burutu
Nigeria,Calabar
Nigeria,Ebute Ikorodu
Nigeria,Esuk Oron
Nigeria,Lagos
Nigeria,Okrika
Nigeria,Port Harcourt
Senegal,Dakar
Senegal,Grand Dakar
Senegal,Joal-Fadiout
Senegal,Kayar
Senegal,Mermoz Boabab
Senegal,Pikine
Senegal,Saint-Louis
Senegal,Warang
Senegal,Ziguinchor
Seychelles,Grand Anse (Praslin)
Seychelles,La Digue
Seychelles,Mahé
Seychelles,Victoria
Sierra,Bonthe
Sierra,Freetown
Sierra,Freetown
Sierra,Kassiri
Sierra,Konakridee
Sierra,Pepel
Sierra,Tintafor
Somalia,Bandarbeyla
Somalia,Berbera
Somalia,Bereeda
Somalia,Buur Gaabo
Somalia,Cadale
Somalia,Hobyo
Somalia,Kismaayo
Somalia,Marka
Somalia,Mogadishu
Somalia,Qandala
South,Alexander Bay
South,Amanzimtoti
South,Arniston
South,Ballitoville
South,Betty's Bay
South,Camps Bay
South,Cape Infanta
South,Cape Town
South,Coffee Bay
South,Durban
South,East London
South,Elands Bay
South,Gaansbaai
South,Gordon's Bay
South,Hermanus
South,Herolds Bay
South,Hondeklip Bay
South,Hout Bay
South,Jeffrey’s Bay
South,Kalk Bay
South,Kenton-on-Sea
South,Kidd's Beach
South,Kidd's Beach
South,Knysna
South,Kosi Bay
South,Lamberts Bay
South,Langebaan
South,Margate
South,Mazeppa Bay
South,Melkbosstrand
South,Morgans Bay
South,Mossel Bay
South,Mtunzini
South,Paternoster
South,Plettenberg Bay
South,Port Alfred
South,Port Edward
South,Port Elizabeth
South,Port Nolloth
South,Port Saint John’s
South,Port Shepstone
South,Pringle Bay
South,Richards Bay
South,Saldanha
South,Salt Rock
South,Scottburgh
South,Scottburgh
South,Shelly Beach
South,Simon's Town
South,Sodwana Bay
South,St Francis Bay
South,St Helena Bay
South,St Lucia
South,Stilbaai
South,Strand
South,Struisbaai
South,Sunset Beach
South,Table Bay
South,Umdloti
South,Umhlanga Rocks
South,Umkomaas
South,Victoria Bay
South,Vleesbaai
South,Wavecrest
South,Witsand
South,Yzerfontein
Sudan,Port Sudan
Sudan,Sawākin
Tanzania,Bagamoyo
Tanzania,Chake Chake
Tanzania,Dar es Salaam
Tanzania,Kilindoni
Tanzania,Lindi
Tanzania,Mafia Island
Tanzania,Mahonda
Tanzania,"Mesale Island, Pemba"
Tanzania,"Mkokotoni, Zanzibar"
Tanzania,Mtwara
Tanzania,Nungwi
Tanzania,Pemba Island
Tanzania,Tanga
Tanzania,Zanzibar
Togo,Lomé
Tunisia,Al Ḩammāmāt
Tunisia,Aş Şayyādah
Tunisia,Bizerte
Tunisia,Carthage
Tunisia,Douane
Tunisia,El Maamoura
Tunisia,Hammam-Lif
Tunisia,Harqalah
Tunisia,La Goulette
Tunisia,Mahdia
Tunisia,Menzel Abderhaman
Tunisia,Monastir
Tunisia,Port el Kantaoui
Tunisia,Şaqānis
Tunisia,Sfax
Tunisia,Sidi Bou Saïd
Tunisia,Sousse
Tunisia,Tabarka
Tunisia,Zouila
Western,Ad Dakhla
Bangladesh,Chittagong
Bangladesh,Cox’s Bāzār
Cambodia,Krŏng Kêb
Cambodia,Sihanoukville
China,Anbu
China,Beihai
China,Chenghua
China,Chengjiang
China,Dalian
China,Dasha
China,Donghai
China,Haikou
China,Haimen
China,Hangzhou
China,Huanggang
China,Humen
China,Jiangkou
China,Jiaojiang
China,Jiazi
China,Jieshi
China,Jinzhou
China,Longkou
China,Luoyang
China,Lüshun
China,Nantong
China,Ningde
China,Qingdao
China,Qinhuangdao
China,Quanzhou
China,Sanya
China,Shantou
China,Shanwei
China,Shenzhen
China,Shima
China,Weihai
China,Wenzhou
China,Xiamen
China,Xinhui
China,Xiuying
China,Yangjiang
China,Yantai
China,Yingkou
China,Zhanjiang
China,Zhongshan
China,Zhuhai
East,Dili
Hong,Hong Kong
Hong,Kowloon
Hong,Sok Kwu Wan
Hong,Tsuen Wan
Hong,Yung Shue Wan
India,Airoli
India,Alandur
India,Alībāg
India,Alleppey
India,Ankola
India,Badagara
India,Bambolim
India,Bamboo Flat
India,Beypore
India,Bharūch
India,Bhāvnagar
India,Bhayandar
India,Bilimora
India,Borivli
India,Calicut
India,Canacona
India,Candolim
India,Cannanore
India,Chāvakkād
India,Chennai
India,Chicalim
India,Chinchani
India,Cochin
India,Coondapoor
India,Cuddalore
India,Dāhānu
India,Damān
India,Dhuwaran
India,Diamond Harbour
India,Diu
India,Dwārka
India,Gajuwaka
India,Gāndhī Nagar
India,Gangolli
India,Ghogha
India,Goa Velha
India,Gokarna
India,Gopālpur
India,Haldia
India,Hansot
India,Harnai
India,Jāmnagar
India,Jodiya Bandar
India,Kākināda
India,Kāndla
India,Kānkon
India,Karwar
India,Kāsaragod
India,Katpur
India,Kattivākkam
India,Kayalpattinam
India,Keelakarai
India,Kollam
India,Kovalam
India,Machilīpatnam
India,Mahe
India,Malpe
India,Mālvan
India,Manavalakurichi
India,Māndvi
India,Mangalore
India,Manjeshwara
India,Marmagao
India,Morjim
India,Mulappilangād
India,Mumbai
India,Murud
India,Murudeshwara
India,Nambutalai
India,Navi Mumbai
India,Okha
India,Ponnāni
India,Porbandar
India,Port Blair
India,Puducherry
India,Puri
India,Rameswaram
India,Ratnāgiri
India,Revadanda
India,Solim
India,Srīvardhan
India,Sūrat
India,Taleigao
India,Thalassery
India,Thāne
India,Tiruvottiyūr
India,Tondi
India,Vagator
India,Varkkallai
India,Vāsco Da Gāma
India,Vengurla
India,Verāval
India,Virār
India,Vishākhapatnam
India,Yārāda
Indonesia,Amahai
Indonesia,Ambon
Indonesia,Balikpapan
Indonesia,Banda Aceh
Indonesia,Bandarlampung
Indonesia,Banjar
Indonesia,Banjarmasin
Indonesia,Batang
Indonesia,Belawan
Indonesia,Bengkulu
Indonesia,Bitung
Indonesia,Bontang
Indonesia,Cirebon
Indonesia,City of Balikpapan
Indonesia,Denpasar
Indonesia,Dumai
Indonesia,Galesong
Indonesia,Gresik
Indonesia,Jayapura
Indonesia,Kalianget
Indonesia,Kamal
Indonesia,Kendari
Indonesia,Kijang
Indonesia,Kupang
Indonesia,Kuta
Indonesia,Labuan
Indonesia,Labuhanbajo
Indonesia,Lhokseumawe
Indonesia,Luwuk
Indonesia,Majene
Indonesia,Makassar
Indonesia,Mamuju
Indonesia,Manado
Indonesia,Manggar
Indonesia,Manokwari
Indonesia,Mataram
Indonesia,Maumere
Indonesia,Meulaboh
Indonesia,Muncar
Indonesia,Paciran
Indonesia,Padang
Indonesia,Palu
Indonesia,Panarukan
Indonesia,Pariaman
Indonesia,Pasuruan
Indonesia,Pekalongan
Indonesia,Pemalang
Indonesia,Percut
Indonesia,Polewali
Indonesia,Pontianak
Indonesia,Probolinggo
Indonesia,Sabang
Indonesia,Semarang
Indonesia,Sibolga
Indonesia,Singaraja
Indonesia,Situbondo
Indonesia,Sorong
Indonesia,Sungairaya
Indonesia,Surabaya
Indonesia,Tanjungpinang
Indonesia,Tegal
Indonesia,Teluk Nibung
Indonesia,Ternate
Indonesia,Tual
Indonesia,Tuban
Indonesia,Waingapu
Japan,Aioi
Japan,Akashi
Japan,Aki
Japan,Akita
Japan,Akita Shi
Japan,Akune
Japan,Amagasaki
Japan,Aomori
Japan,Atami
Japan,Beppu
Japan,Bungo-Takada
Japan,Chatan
Japan,Chiba
Japan,Chigasaki
Japan,Date
Japan,Fuji
Japan,Fujisawa
Japan,Fukue
Japan,Fukuma
Japan,Fukuoka
Japan,Fukura
Japan,Fukuyama
Japan,Funabashi
Japan,Futtsu
Japan,Gobō
Japan,Gushikawa
Japan,Hachinohe
Japan,Haebaru
Japan,Hakodate
Japan,Hamamatsu
Japan,Hamanoichi
Japan,Handa
Japan,Hasaki
Japan,Hayama
Japan,Hekinan
Japan,Hiji
Japan,Himeji
Japan,Himi
Japan,Hiratsuka
Japan,Hiroshima
Japan,Hitachi
Japan,Hōfu
Japan,Hōjō
Japan,Hondo
Japan,Ichihara
Japan,Ichikawa
Japan,Innoshima
Japan,Ishikari
Japan,Ishikawa
Japan,Ishiki
Japan,Ishinomaki
Japan,Itoman
Japan,Iyo
Japan,Izumi
Japan,Izumiōtsu
Japan,Jōetsu
Japan,Kagoshima
Japan,Kainan
Japan,Kaizuka
Japan,Kajiki
Japan,Kakogawa
Japan,Kamaishi
Japan,Kamakura
Japan,Kamiiso
Japan,Kanda
Japan,Kanonji
Japan,Kasaoka
Japan,Kashiwazaki
Japan,Katsuura
Japan,Kawaguchi
Japan,Kawanoe
Japan,Kawasaki
Japan,Kisarazu
Japan,Kishiwada
Japan,Kitaibaraki
Japan,Kitakyūshū
Japan,Kitsuki
Japan,Kōbe-
Japan,Kōchi-
Japan,Koga
Japan,Komatsushima
Japan,Kosai
Japan,Kudamatsu
Japan,Kunisaki
Japan,Kurashiki
Japan,Kure
Japan,Kurume
Japan,Kushikino
Japan,Kushiro
Japan,Kuwana
Japan,Maizuru
Japan,Makurazaki
Japan,Marugame
Japan,Masaki-chō
Japan,Matsushima
Japan,Matsuyama
Japan,Mihara
Japan,Mikuni
Japan,Minamata
Japan,Miura
Japan,Miyako
Japan,Miyazaki
Japan,Mombetsu
Japan,Nagasaki
Japan,Nagato
Japan,Nago
Japan,Naha
Japan,Nakatsu
Japan,Namerikawa
Japan,Nanao
Japan,Narashino
Japan,Naruto
Japan,Niigata
Japan,Niihama
Japan,Nishinomiya
Japan,Nishinoomote
Japan,Nishio
Japan,Nobeoka
Japan,Numazu
Japan,Ōarai
Japan,Obama
Japan,Odawara
Japan,Ōfunato
Japan,Ōita-
Japan,Ōkawa
Japan,Okayama
Japan,Ōmuta
Japan,Ōno
Japan,Onomichi
Japan,Ōsaka-
Japan,Otaru
Japan,Owase
Japan,Ōyama
Japan,Ryōtsu
Japan,Saga
Japan,Saijō
Japan,Saiki
Japan,Sakai
Japan,Sasebo
Japan,Sendai
Japan,Shibetsu
Japan,Shibushi
Japan,Shido
Japan,Shimabara
Japan,Shimminato
Japan,Shimminatochō
Japan,Shimoda
Japan,Shimonoseki
Japan,Shinagawa-ku
Japan,Shingū
Japan,Shiogama
Japan,Shirahama
Japan,Shizunai
Japan,Shizuoka
Japan,Sumoto
Japan,Suzuka
Japan,Tadotsu
Japan,Takahagi
Japan,Takahama
Japan,Takamatsu
Japan,Takaoka
Japan,Takehara
Japan,Tamano
Japan,Tanabe
Japan,Tarumizu
Japan,Tennō
Japan,Toba
Japan,Togitsu
Japan,Tokoname
Japan,Tokushima
Japan,Tokuyama
Japan,Tokyo
Japan,Tomakomai
Japan,Tomigusuku
Japan,Tonoshō
Japan,Tottori
Japan,Toyama
Japan,Toyohama
Japan,Toyohashi
Japan,Tsu
Japan,Tsukumi
Japan,Ube
Japan,Urayasu
Japan,Ushibuka
Japan,Uwajima
Japan,Wakayama
Japan,Wakkanai
Japan,Yaizu
Japan,Yamada
Japan,Yanai
Japan,Yatsushiro
Japan,Yoichi
Japan,Yokkaichi
Japan,Yokohama
Japan,Yokosuka
Macao,Macau
Malaysia,Alor Setar
Malaysia,Bandar Labuan
Malaysia,Batu Pahat
Malaysia,Bintulu
Malaysia,Bukit Mertajam
Malaysia,Butterworth
Malaysia,Georgetown
Malaysia,Johor Bahru
Malaysia,Kampung Pasir Gudang Baru
Malaysia,Kertih
Malaysia,Klebang Besar
Malaysia,Kota Bharu
Malaysia,Kota Kinabalu
Malaysia,Kuah
Malaysia,Kuala Perlis
Malaysia,Kuala Selangor
Malaysia,Kuala Sungai Baru
Malaysia,Kuala Terengganu
Malaysia,Kuantan
Malaysia,Kudat
Malaysia,Lahad Datu
Malaysia,Lumut
Malaysia,Melaka
Malaysia,Miri
Malaysia,Muar
Malaysia,Paka
Malaysia,Perai
Malaysia,Permatang Kuching
Malaysia,Pontian Kechil
Malaysia,Port Dickson
Malaysia,Sandakan
Malaysia,Sekudai
Malaysia,Semporna
Malaysia,Tanjung Tokong
Malaysia,Tawau
Malaysia,Tumpat
Malaysia,Victoria
Maldives,Eydhafushi
Maldives,Funadhoo
Maldives,Hithadhoo
Maldives,Kudahuvadhoo
Maldives,Kulhudhuffushi
Maldives,Madifushi
Maldives,Mahibadhoo
Maldives,Male
Maldives,Manadhoo
Maldives,Meedhoo
Maldives,Muli
Maldives,Open Stage
Maldives,Thinadhoo
Maldives,Vilufushi
Myanmar,Kyaikkami
Myanmar,Kyaikto
Myanmar,Martaban
Myanmar,Mawlamyine
Myanmar,Myeik
Myanmar,Rangoon
Myanmar,Sittwe
Myanmar,Syriam
North,Ch’ŏngjin
North,Haeju
North,Hŭngnam
North,Iwŏn-ŭp
North,Najin
North,Namp’o
North,Samho-rodongjagu
North,Sŏnbong
North,T’ongch’ŏn-ŭp
North,Wŏnsan
North,Yuktae-dong
Pakistan,Gadāni
Pakistan,Gwādar
Pakistan,Jīwani
Pakistan,Ormāra
Pakistan,Pasni
Philippines,Abucay
Philippines,Abuyog
Philippines,Agoo
Philippines,Asia
Philippines,Atimonan
Philippines,Aurora
Philippines,Bacolod City
Philippines,Bacoor
Philippines,Bago City
Philippines,Bais
Philippines,Balamban
Philippines,Balayan
Philippines,Bantayan
Philippines,Batangas
Philippines,Bauan
Philippines,Bayawan
Philippines,Baybay
Philippines,Bislig
Philippines,Bogo
Philippines,Bongao
Philippines,Borongan
Philippines,Buenavista
Philippines,Bulan
Philippines,Cadiz
Philippines,Cagayan de Oro
Philippines,Calapan
Philippines,Calauag
Philippines,Calbayog City
Philippines,Carigara
Philippines,Catanauan
Philippines,Catarman
Philippines,Catbalogan
Philippines,Cavite
Philippines,Cebu City
Philippines,City of Isabela
Philippines,Cogan
Philippines,Compostela
Philippines,Cordova
Philippines,Cotabato
Philippines,Danao
Philippines,Danao
Philippines,Dapitan
Philippines,Davao
Philippines,Dumaguete
Philippines,General Santos
Philippines,Glan
Philippines,Guihulñgan
Philippines,Gumaca
Philippines,Himamaylan
Philippines,Hinigaran
Philippines,Iloilo
Philippines,Imus
Philippines,Jasaan
Philippines,Jolo
Philippines,Jose Pañganiban
Philippines,Kalibo (poblacion)
Philippines,Kawit
Philippines,Laoang
Philippines,Lapu-Lapu City
Philippines,Legaspi
Philippines,Libertad
Philippines,Liloan
Philippines,Lucena
Philippines,Lupon
Philippines,Makati City
Philippines,Malilipot
Philippines,Malita
Philippines,Maluso
Philippines,Mamburao
Philippines,Manapla
Philippines,Manay
Philippines,Mandaluyong City
Philippines,Mandaue City
Philippines,Manila
Philippines,Mansalay
Philippines,Mansilingan
Philippines,Mantampay
Philippines,Mariano
Philippines,Mariveles
Philippines,Masbate
Philippines,Masinloc
Philippines,Mati
Philippines,Mauban
Philippines,Mercedes
Philippines,Meycauayan
Philippines,Minglanilla
Philippines,Morong
Philippines,Muricay
Philippines,Nasugbu
Philippines,Olongapo
Philippines,Orani
Philippines,Ormoc
Philippines,Oroquieta
Philippines,Ozamiz City
Philippines,Pagbilao
Philippines,Panalanoy
Philippines,Pantukan
Philippines,Parang
Philippines,Pinamalayan
Philippines,Pinamungahan
Philippines,Port Area
Philippines,Puerto Princesa
Philippines,Pulupandan
Philippines,Recodo
Philippines,Romblon
Philippines,Roxas
Philippines,Sablayan
Philippines,Sagay
Philippines,Samal
Philippines,San Jose
Philippines,Santa Catalina
Philippines,Santa Cruz
Philippines,Saravia
Philippines,Sipalay
Philippines,Sitangkai
Philippines,Sorsogon
Philippines,Subic
Philippines,Surigao
Philippines,Tabaco
Philippines,Tagoloan
Philippines,Talisay
Philippines,Talisay
Philippines,Tanauan
Philippines,Tandag
Philippines,Tangub
Philippines,Tanza
Philippines,Tiwi
Philippines,Toledo
Philippines,Virac
Philippines,Zamboanga
Reunion,Le Port
Reunion,Les Avirons
Reunion,Piton Saint-Leu
Reunion,Saint-Denis
Reunion,Saint-Joseph
Reunion,Saint-Leu
Reunion,Saint-Paul
Reunion,Saint-Philippe
Reunion,Saint-Pierre
Russia,Akhtanizovskaya
Russia,Anadyr’
Russia,Aniva
Russia,Arkhangel’sk
Russia,Ayan
Russia,Chumikan
Russia,Chupa
Russia,Donskoye
Russia,Emar
Russia,Gadzhiyevo
Russia,Gelendzhik
Russia,Glebychevo
Russia,Gorskaya
Russia,Kamenka
Russia,Kholmsk
Russia,Khosta
Russia,Kola
Russia,Krasnogorsk
Russia,Kronshtadt
Russia,Kudepsta
Russia,Lazarev
Russia,Livadiya
Russia,Lososina
Russia,Makarov
Russia,Mayskiy
Russia,Murmansk
Russia,Mys-Kamennyy
Russia,Nakhodka
Russia,Nevel’sk
Russia,Novobessergenovka
Russia,Novorossiysk
Russia,Ossora
Russia,Ostrovnoy
Russia,Otrada
Russia,Ozernovskiy
Russia,Petropavlovsk-Kamchatskiy
Russia,Pevek
Russia,Pionerskiy
Russia,Polyarnyy
Russia,Popova
Russia,Poyakonda
Russia,Pravda
Russia,Preobrazheniye
Russia,Primorka
Russia,Primorsk
Russia,Primorsko-Akhtarsk
Russia,Provideniya
Russia,Putyatin
Russia,Russkiy
Russia,Saint Petersburg
Russia,Severo-Kuril’sk
Russia,Severodvinsk
Russia,Shirochanka
Russia,Sista-Palkino
Russia,Slavyanka
Russia,Sochi
Russia,Solnechnoye
Russia,Sovetskaya Gavan’
Russia,Sovetskiy
Russia,Strel'na
Russia,Svetlogorsk
Russia,Taganrog
Russia,Taman’
Russia,Tazovskiy
Russia,Teribërka
Russia,Terney
Russia,Tilichiki
Russia,Umba
Russia,Ust’-Kamchatsk Staryy
Russia,Ust’-Luga
Russia,Vakhrushev
Russia,Vidyayevo
Russia,Vilyuchinsk
Russia,Vladivostok
Russia,Volchanets
Russia,Vrangel’
Russia,Vyborg
Russia,Vysotsk
Russia,Yablochnyy
Russia,Yantarnyy
Russia,Yuzhno-Kuril'sk
Russia,Zarubino
Russia,Волочаевское
Singapore,Singapore
South,Ansan
South,Busan
South,Chinhae
South,Gaigeturi
South,Goyang
South,Hoko
South,Hwaseong
South,Incheon
South,Jeju
South,Kang-neung
South,Kunsan
South,Kyosai
South,Masan
South,Moppo
South,Reisui
South,Sinan
South,Sinhyeon
South,Sogcho
South,Sunchun
South,Taesal-li
South,Tonghae
South,Ulsan
Sri,Ambalangoda
Sri,Bentota
Sri,Beruwala
Sri,Chilaw
Sri,Colombo
Sri,Galkissa
Sri,Galle
Sri,Hikkaduwa
Sri,Jaffna
Sri,Kalmunai
Sri,Kalutara
Sri,Matara
Sri,Moratuwa
Sri,Negombo
Sri,Panadura
Sri,Peliyagoda
Sri,Tangalla
Sri,Trincomalee
Sri,Wattala
Taiwan,Hsinchu
Taiwan,Hualian
Taiwan,Jincheng
Taiwan,Kaohsiung
Taiwan,Keelung
Taiwan,Ma-kung
Taiwan,Nangan
Taiwan,Tainan
Taiwan,Taitung City
Thailand,Ban Ao Nang
Thailand,Ban Karon
Thailand,Ban Mai
Thailand,Ban Talat Yai
Thailand,Bang Lamung
Thailand,Chon Buri
Thailand,Don Sak
Thailand,Kantang
Thailand,Ko Chang Tai
Thailand,Ko Kut
Thailand,Ko Samui
Thailand,Ko Si Chang
Thailand,Ko Yao
Thailand,Koh Tao
Thailand,Laem Ngop
Thailand,Laem Sing
Thailand,Nai Harn
Thailand,Patong Beach
Thailand,Pattani
Thailand,Phatthaya
Thailand,Phra Pradaeng
Thailand,Rayong
Thailand,Saladan
Thailand,Samut Prakan
Thailand,Sattahip
Thailand,Si Racha
Thailand,Songkhla
Thailand,Tak Bai
Thailand,Yaring
Vietnam,Cẩm Phả Mines
Vietnam,Cam Ranh
Vietnam,Cần Giờ
Vietnam,Cần Thơ
Vietnam,Côn Sơn
Vietnam,Hạ Long
Vietnam,Hà Tiên
Vietnam,Haiphong
Vietnam,Huế
Vietnam,Lagi
Vietnam,Nha Trang
Vietnam,Phan Thiết
Vietnam,Quy Nhơn
Vietnam,Rạch Giá
Vietnam,Sông Cầu
Vietnam,Turan
Vietnam,Uông Bí
Vietnam,Vũng Tàu
American,Aūa
American,Fagatogo
American,Faleniu
American,Malaeimi
American,Mapusagafou
American,Ofu
American,Pago Pago
American,Tāfuna
American,Taulaga
Australia,Burnie
Australia,Cairns
Australia,Caloundra
Australia,Caringbah
Australia,Cronulla
Australia,Darwin
Australia,Deception Bay
Australia,Dee Why
Australia,Devonport
Australia,Forster
Australia,Geelong
Australia,Geelong West
Australia,Gladstone
Australia,Gold Coast
Australia,Hobart
Australia,Mandurah
Australia,Melbourne
Australia,Mooloolaba
Australia,Mornington
Australia,Mosman
Australia,Newcastle
Australia,North Shore
Australia,Perth
Australia,Port Macquarie
Australia,Port Phillip
Australia,Port Stephens
Australia,Rainbow Beach
Australia,Saint Kilda
Australia,Surfers Paradise
Australia,Sydney
Australia,Townsville
Australia,Wollongong
Christmas,Flying Fish Cove
n/a,n/a
Cook,Avarua
French,Afareaitu
French,Anau
French,Arue
French,Atuona
French,Faaa
French,Faanui
French,Fitii
French,Hitiaa
French,Mahina
French,Moerai
French,Otutara
French,Paopao
French,Papeete
French,Papetoai
French,Pirae
French,Pueu
French,Punaauia
French,Rikitea
French,Taunoa
French,Tautira
French,Teahupoo
French,Tohautu
French,Uturoa
French,Vairao
French,Vaitape
Guam,Agat Village
Guam,Asan-Maina Village
Guam,Guam Government House
Guam,Hagåtña
Guam,Hagåtña Village
Guam,Inarajan Village
Guam,Merizo Village
Guam,Piti Village
Guam,Tamuning-Tumon-Harmon Village
Guam,Yona Village
Kiribati,Ambo Village
Kiribati,Bairiki Village
Kiribati,Banraeaba Village
Kiribati,Betio Village
Kiribati,Bikenibeu Village
Kiribati,Bonriki Village
Kiribati,Buota Village
Kiribati,Butaritari
Kiribati,Eita Village
Kiribati,London Village
Kiribati,Napari Village
Kiribati,Nawerewere Village
Kiribati,Rawannawi Village
Kiribati,Tabwakea Village
Kiribati,Tarawa
Kiribati,Teaoraereke Village
Kiribati,Temaiku Village
Marshall,Ailuk
Marshall,Airuk
Marshall,Aur
Marshall,Ebaye
Marshall,Ebon
Marshall,Enewetak
Marshall,Jabat
Marshall,Jabor
Marshall,Kili
Marshall,Lae
Marshall,Likiep
Marshall,Loen
Marshall,Majuro
Marshall,Mejit
Marshall,Mili
Marshall,Namdrik
Marshall,RMI Capitol
Marshall,Rongelap
Marshall,Taroa
Marshall,Ujae
Marshall,Utrik
Marshall,Wotho
Marshall,Wotje
Micronesia,Colonia
Micronesia,Fais
Micronesia,Ifalik
Micronesia,Kapingamarangi
Micronesia,Kolonia
Micronesia,Kolonia
Micronesia,Kolonia Town
Micronesia,Kuttu
Micronesia,Lelu
Micronesia,Losap
Micronesia,Lukunor
Micronesia,Madolenihm Municipality Government
Micronesia,Makur
Micronesia,Malem
Micronesia,Moch
Micronesia,Murilo
Micronesia,Namoluk
Micronesia,Nema
Micronesia,Nukuoro
Micronesia,Oneop
Micronesia,Onou
Micronesia,Piis
Micronesia,Pingelap
Micronesia,Polowat
Micronesia,Pulap
Micronesia,Rumung
Micronesia,Ruo
Micronesia,Satowan
Micronesia,Sorol
Micronesia,Ta
Micronesia,Tafunsak
Micronesia,Tamatam
Micronesia,Tofol
Micronesia,Tonoas Municipal Building
Micronesia,Unanu
Micronesia,Utwe
Micronesia,Weno Municipal Offices
Micronesia,Weno Town
Nauru,Arijejen
New,Fayaoué
New,Hienghène
New,Houaïlou
New,Nouméa
New,Poindimié
New,Poum
New,Tadine
New,Thio
New,Touho
New,Ahipara
New,Auckland
New,Castlepoint
New,Christchurch
New,Coromandel
New,Dunedin
New,Gisborne
New,Hokitika
New,Kaikoura
New,Katikati
New,Lower Hutt
New,Maketu
New,Manukau City
New,Mapua
New,Motueka
New,Murrays Bay
New,Napier
New,North Shore
New,Opunake
New,Paihia
New,Pakuranga
New,Parakai
New,Patea
New,Picton
New,Porirua
New,Portobello
New,Raglan
New,Riverton
New,Rosebank
New,Taipa
New,Tairua
New,Takanini
New,Tamaki
New,Tauranga
New,Thames
New,Timaru
New,Waihi Beach
New,Waitakere
New,Waitangi
New,Waitara
New,Wanganui
New,Wellington
New,Westport
New,Whakatane
New,Whangamata
New,Whangarei
New,Whitianga
Norfolk,Kingston
Northern,JP Tinian Town pre-WW2
Papua,Aitape
Papua,Daru
Papua,Finschhafen
Papua,Kandrian
Papua,Kavieng
Papua,Kerema
Papua,Kieta
Papua,Kimbe
Papua,Kokopo
Papua,Lorengau
Papua,Madang
Papua,Namatanai
Papua,Port Moresby
Papua,Rabaul
Papua,Samarai
Papua,Vanimo
Papua,Wewak
Pitcairn,Adamstown
Samoa,Afenga
Samoa,Apia
Samoa,Falefa
Samoa,Gataivai
Samoa,Leulumoega
Samoa,Lotofagā
Samoa,Lufilufi
Samoa,Nofoali‘i
Samoa,Safotu
Samoa,Satapuala
Samoa,Solosolo
Samoa,Vaitele
Samoa,Vaiusu
Solomon,Auki
Solomon,Buala
Solomon,Gizo
Solomon,Honiara
Solomon,Tulaghi
Tokelau,Atafu Village
Tokelau,Fale old settlement
Tonga,Havelu
Tonga,Neiafu
Tonga,Nuku‘alofa
Tonga,Pangai
Tonga,‘Ohonua
Tuvalu,Fakaifou Village
Vanuatu,Isangel
Vanuatu,Lakatoro
Vanuatu,Luganville
Vanuatu,Norsup
Vanuatu,Sola
Wallis,Mata-Utu
Anguilla,Stoney Ground
Antigua,Falmouth
Antigua,Saint John’s
Aruba,Arasji
Aruba,Oranjestad
Bahamas,Andros Town
Bahamas,Cooper’s Town
Bahamas,Dunmore Town
Bahamas,Hard Bargain
Bahamas,High Rock
Bahamas,Marsh Harbour
Bahamas,Nassau
Bahamas,Port Nelson
Bahamas,West End
Barbados,Bathsheba
Barbados,Bridgetown
Belize,Corozal
Belize,San Pedro
Bermuda,Hamilton
Bermuda,Saint George
n/a,n/a
Cayman,East End
Cayman,North Side
Cayman,West Bay
Costa,Chacarita
Costa,Golfito
Costa,Jacó
Costa,Nandayure
Costa,Puerto Limón
Costa,Puntarenas
Costa,Quepos
Costa,Sámara
Cuba,Baracoa
Cuba,Cabañas
Cuba,Caibarién
Cuba,Campechuela
Cuba,Centro Habana
Cuba,Diez de Octubre
Cuba,Gibara
Cuba,Habana del Este
Cuba,Havana
Cuba,Manzanillo
Cuba,Mariel
Cuba,Matanzas
Cuba,Moa
Cuba,Niquero
Cuba,Nuevitas
Cuba,Santa Cruz del Norte
Cuba,Santiago de Cuba
Cuba,Varadero
n/a,n/a
Dominica,Berekua
Dominica,Castle Bruce
Dominica,La Plaine
Dominica,Mahaut
Dominica,Marigot
Dominica,Pointe Michel
Dominica,Portsmouth
Dominica,Salisbury
Dominica,Soufrière
Dominica,Wesley
Dominican,Boca Chica
Dominican,Boca de Yuma
Dominican,Cabarete
Dominican,Cabrera
Dominican,Juancho
Dominican,La Ciénaga
Dominican,La Entrada
Dominican,La Romana
Dominican,Luperón
Dominican,Miches
Dominican,Palmar de Ocoa
Dominican,Paraíso
Dominican,Puerto Plata
Dominican,Río San Juan
Dominican,Sabana de La Mar
Dominican,San Pedro de Macorís
Dominican,Sánchez
Dominican,Santa Bárbara de Samaná
Dominican,Santa Cruz de Barahona
Dominican,Santo Domingo
Dominican,Sosúa
El,Acajutla
El,La Libertad
El,La Unión
Grenada,Grenville
Grenada,Saint David’s
Grenada,Saint George's
Grenada,Victoria
Guadeloupe,Anse-Bertrand
Guadeloupe,Baie-Mahault
Guadeloupe,Baillif
Guadeloupe,Basse-Terre
Guadeloupe,Bouillante
Guadeloupe,Capesterre-Belle-Eau
Guadeloupe,Grand-Bourg
Guadeloupe,Grande Anse
Guadeloupe,Le Gosier
Guadeloupe,Le Moule
Guadeloupe,Petit-Bourg
Guadeloupe,Petit-Canal
Guadeloupe,Pointe-à-Pitre
Guadeloupe,Pointe-Noire
Guadeloupe,Port-Louis
Guadeloupe,Saint-François
Guadeloupe,Sainte-Anne
Guadeloupe,Sainte-Rose
Guadeloupe,Terre-de-Bas
Guadeloupe,Trois-Rivières
Guadeloupe,Vieux-Habitants
Guatemala,Champerico
Guatemala,Lívingston
Guatemala,Puerto Barrios
Haiti,Anse à Galets
Haiti,Anse Rouge
Haiti,Anse-à-Veau
Haiti,Aquin
Haiti,Baie de Henne
Haiti,Belle-Anse
Haiti,Cap-Haïtien
Haiti,Caracol
Haiti,Carrefour
Haiti,Chardonnière
Haiti,Côtes-de-Fer
Haiti,Dame-Marie
Haiti,Delmas 73
Haiti,Dérac
Haiti,Fort Liberté
Haiti,Grand Goâve
Haiti,Gressier
Haiti,Jacmel
Haiti,Jérémie
Haiti,Le Borgne
Haiti,Léogâne
Haiti,Les Anglais
Haiti,Les Cayes
Haiti,Les Irois
Haiti,Marigot
Haiti,Miragoâne
Haiti,Môle Saint-Nicolas
Haiti,Petit Goâve
Haiti,Petite Rivière de Nippes
Haiti,Phaéton
Haiti,Port-à-Piment
Haiti,Port-au-Prince
Haiti,Roche-à-Bateau
Haiti,Saint-Louis du Nord
Haiti,Saint-Marc
Haiti,Ti Port-de-Paix
Haiti,Tiburon
Honduras,Amapala
Honduras,Baja Mar
Honduras,Corozal
Honduras,El Porvenir
Honduras,Guanaja
Honduras,Puerto Castilla
Honduras,Puerto Cortez
Honduras,Puerto Lempira
Honduras,Roatán
Honduras,Savannah Bight
Honduras,Tela
Honduras,Travesía
Jamaica,Alligator Pond
Jamaica,Black River
Jamaica,Bluefields
Jamaica,Buff Bay
Jamaica,Discovery Bay
Jamaica,Falmouth
Jamaica,Hope Bay
Jamaica,Kingston
Jamaica,Lucea
Jamaica,Manchioneal
Jamaica,Montego Bay
Jamaica,Morant Bay
Jamaica,Negril
Jamaica,New Kingston
Jamaica,Ocho Rios
Jamaica,Old Harbour Bay
Jamaica,Oracabessa
Jamaica,Port Antonio
Jamaica,Port Maria
Jamaica,Port Royal
Jamaica,Portmore
Jamaica,Rocky Point
Jamaica,Saint Ann’s Bay
Jamaica,Sandy Bay
Jamaica,Savanna-la-Mar
Jamaica,Yallahs
Martinique,La Trinité
Martinique,Le François
Martinique,Le Lorrain
Martinique,Le Marin
Martinique,Le Robert
Martinique,Le Vauclin
Martinique,Les Trois-Îlets
Martinique,Petite Rivière Salée
Martinique,Saint-Pierre
Martinique,Sainte-Luce
Martinique,Sainte-Marie
Mexico,Acapulco de Juárez
Mexico,Allende
Mexico,Alvarado
Mexico,Antón Lizardo
Mexico,Boca del Río
Mexico,Bucerías
Mexico,Cabo San Lucas
Mexico,Calderitas
Mexico,Campeche
Mexico,Cancún
Mexico,Celestún
Mexico,Champotón
Mexico,Chetumal
Mexico,Ciudad Madero
Mexico,Coatzacoalcos
Mexico,Ensenada
Mexico,Frontera
Mexico,Guaymas
Mexico,Isla de Aguada
Mexico,Ixtapa
Mexico,La Libertad
Mexico,La Paz
Mexico,Loreto
Mexico,Manzanillo
Mexico,Mazatlán
Mexico,Nanchital
Mexico,Primo Tapia
Mexico,Puerto Vallarta
Mexico,San Blas
Mexico,San Felipe
Mexico,San Patricio
Mexico,Santa Rosalía
Mexico,Seybaplaya
Mexico,Tamiahua
Mexico,Tampico
Mexico,Teacapán
Mexico,Tecoanapa
Mexico,Tecolutla
Mexico,Topolobampo
Mexico,Veracruz
Mexico,Yavaros
Mexico,Zihuatanejo
Montserrat,Brades
Nicaragua,Bluefields
Nicaragua,Corinto
Nicaragua,Corn Island
Nicaragua,Jiquilillo
Nicaragua,Laguna de Perlas
Nicaragua,San Juan del Sur
Panama,Achutupo Número Dos
Panama,Ailigandí
Panama,Boca de Parita
Panama,Bocas del Toro
Panama,Cartí Suitupo
Panama,Chiriquí Grande
Panama,Colón
Panama,Cusapín
Panama,El Porvenir
Panama,Garachiné
Panama,Jaqué
Panama,La Palma
Panama,María Chiquita
Panama,Mulatupo Sasardí
Panama,Narganá
Panama,Nueva Gorgona
Panama,Palmas Bellas
Panama,Panamá
Panama,Playón Chico
Panama,Portobelo
Panama,Puerto Armuelles
Panama,Puerto Caimito
Panama,Puerto Pilón
Panama,Punta de Burica
Panama,San Ignacio de Tupile
Panama,San Miguelito
Panama,Ustupo
Panama,Veracruz
Puerto,Aguadilla
Puerto,Arecibo
Puerto,Arroyo
Puerto,Bayamón
Puerto,Boquerón
Puerto,Capitanejo
Puerto,Carolina
Puerto,Carrizales
Puerto,Cataño
Puerto,Central Aguirre
Puerto,Culebra
Puerto,Emajagua
Puerto,Esperanza
Puerto,Hatillo
Puerto,Isabel Segunda
Puerto,Isabela
Puerto,Jauca
Puerto,Jobos
Puerto,La Parguera
Puerto,La Playa
Puerto,Lamboglia
Puerto,Levittown
Puerto,Loíza
Puerto,Luis M. Cintron
Puerto,Palmas
Puerto,Playa Fortuna
Puerto,Playita Cortada
Puerto,Ponce
Puerto,Potala Pastillo
Puerto,Puerto Real
Puerto,Punta Santiago
Puerto,Rincón
Puerto,San Juan
Puerto,Tallaboa
Puerto,Vieques
Puerto,Vieques
Saint,Dieppe Bay Town
Saint,Dennery
Saint,Gros Islet
Saint,Micoud
Saint,Soufrière
Saint,Vieux Fort
Saint,Biabou
Saint,Chateaubelair
Saint,Kingstown
Saint,Kingstown Park
Saint,Layou
Saint,Port Elizabeth
n/a,n/a
Trinidad,Laventille
Trinidad,Point Fortin
Trinidad,Roxborough
Trinidad,San Fernando
Trinidad,Scarborough
Virgin,Charlotte Amalie
Virgin,Cruz Bay
Albania,Durrës
Albania,Himarë
Albania,Orikum
Albania,Sarandë
Albania,Shëngjin
Albania,Vlorë
Belgium,Blankenberge
Belgium,De Haan
Belgium,De Panne
Belgium,Knokke-Heist
Belgium,Wenduine
Belgium,Zeebrugge
Bosnia,Neum
Bulgaria,Akhtopol
Bulgaria,Burgas
Bulgaria,Chernomorets
Bulgaria,Kiten
Bulgaria,Nesebar
Bulgaria,Obzor
Bulgaria,Pomorie
Bulgaria,Primorsko
Bulgaria,Sinemorets
Bulgaria,Sozopol
Bulgaria,Sunny Beach
Bulgaria,Sveti Vlas
Bulgaria,Tsarevo
Bulgaria,Varna
Bulgaria,Zlatni Pyasatsi
Croatia,Bakar
Croatia,Banjol
Croatia,Baška Voda
Croatia,Bibinje
Croatia,Biograd na Moru
Croatia,Bol
Croatia,Brac Island
Croatia,Brela
Croatia,Brodarica
Croatia,Cavtat
Croatia,Cres
Croatia,Crikvenica
Croatia,Dubrovnik
Croatia,Fažana
Croatia,Hvar
Croatia,Igrane
Croatia,Jadranovo
Croatia,Jelsa
Croatia,Kali
Croatia,Karlobag
Croatia,Kolocep
Croatia,Komiža
Croatia,Korčula
Croatia,Kraljevica
Croatia,Krk
Croatia,Lopar
Croatia,Lopud
Croatia,Lumbarda
Croatia,Makarska
Croatia,Mali Lošinj
Croatia,Marina
Croatia,Matulji
Croatia,Medulin
Croatia,Mlini
Croatia,Mokošica
Croatia,Murter
Croatia,Njivice
Croatia,Novalja
Croatia,Novi Vinodolski
Croatia,Novigrad
Croatia,Omiš
Croatia,Omišalj
Croatia,Opatija
Croatia,Orašac
Croatia,Orebić
Croatia,Pag
Croatia,Pakoštane
Croatia,Pirovac
Croatia,Poreč
Croatia,Posedarje
Croatia,Postire
Croatia,Preko
Croatia,Preko
Croatia,Primošten
Croatia,Privlaka
Croatia,Pula
Croatia,Punat
Croatia,Rabac
Croatia,Rijeka
Croatia,Rogoznica
Croatia,Rovinj
Croatia,Sali
Croatia,Selce
Croatia,Senj
Croatia,Šibenik
Croatia,Šibenik
Croatia,Slano
Croatia,Split
Croatia,Srebreno
Croatia,Starigrad
Croatia,Starigrad
Croatia,Stobreč
Croatia,Ston
Croatia,Sukošan
Croatia,Supetar
Croatia,Supetarska Draga
Croatia,Tijesno
Croatia,Tribunj
Croatia,Trogir
Croatia,Trpanj
Croatia,Tučepi
Croatia,Turanj
Croatia,Ugljan
Croatia,Umag
Croatia,Vela Luka
Croatia,Veliki Drvenik
Croatia,Vir
Croatia,Vis
Croatia,Vodice
Croatia,Vranjic
Croatia,Vrsar
Croatia,Zadar
Croatia,Zaton
Croatia,Zlatni Rat
Croatia,Žrnovo
Cyprus,Ayia Napa
Cyprus,Famagusta
Cyprus,Kato Pyrgos
Cyprus,Kissonerga
Cyprus,Larnaca
Cyprus,Limassol
Cyprus,Perivolia
Cyprus,Protaras
Denmark,Aabenraa
Denmark,Århus
Denmark,Charlottenlund
Denmark,Christiansø
Denmark,Copenhagen
Denmark,Dragør
Denmark,Ebeltoft
Denmark,Ejby
Denmark,Esbjerg
Denmark,Espergærde
Denmark,Faaborg
Denmark,Fakse Ladeplads
Denmark,Frederikshavn
Denmark,Gilleleje
Denmark,Greve
Denmark,Hadsund
Denmark,Hals
Denmark,Helsingør
Denmark,Hirtshals
Denmark,Holbæk
Denmark,Horsens
Denmark,Hvide Sande
Denmark,Juelsminde
Denmark,Jægerspris
Denmark,Kalundborg
Denmark,Kerteminde
Denmark,Korsør
Denmark,Lemvig
Denmark,Marstal
Denmark,Middelfart
Denmark,Munkebo
Denmark,Nakskov
Denmark,Nexø
Denmark,Nordby
Denmark,Nyborg
Denmark,Nykøbing Falster
Denmark,Nykøbing Sjælland
Denmark,Nyråd
Denmark,Præstø
Denmark,Roskilde
Denmark,Rudkøbing
Denmark,Rødbyhavn
Denmark,Rønne
Denmark,Skagen
Denmark,Skælskør
Denmark,Snoghøj
Denmark,Stege
Denmark,Strandby
Denmark,Strib
Denmark,Svendborg
Denmark,Sæby
Denmark,Thurø By
Denmark,Thyborøn
Denmark,Vindeby
Denmark,Vordingborg
Denmark,Ærøskøbing
Estonia,Haabneeme
Estonia,Narva-Jõesuu
Estonia,Orissaare
Estonia,Paldiski
Estonia,Pärnu
Estonia,Rummu
Estonia,Sillamäe
Estonia,Tabasalu
Estonia,Tallinn
Estonia,Toila
Estonia,Viimsi
Faroe,Argir
Faroe,Eiði
Faroe,Fuglafjørður
Faroe,Klaksvík
Faroe,Kollafjørður
Faroe,Miðvágur
Faroe,Sandur
Faroe,Tórshavn
Faroe,Tvøroyri
Faroe,Vágur
Faroe,Vestmanna
Finland,Ekenäs
Finland,Espoo
Finland,Hamina
Finland,Hanko
Finland,Haukipudas
Finland,Helsinki
Finland,Helsinki
Finland,Himanka
Finland,Houtskär
Finland,Ingå
Finland,Iniö
Finland,Kalajoki
Finland,Kaskinen
Finland,Kemi
Finland,Keminmaa
Finland,Kotka
Finland,Koukkuniemi
Finland,Kristinestad
Finland,Kuivaniemi
Finland,Länsi-Turunmaa
Finland,Merimasku
Finland,Naantali
Finland,Nagu
Finland,Oravais
Finland,Otaniemi
Finland,Oulu
Finland,Pargas
Finland,Pernå
Finland,Pohja
Finland,Pori
Finland,Porvoo
Finland,Pyhäjoki
Finland,Pyhäranta
Finland,Raahe
Finland,Rymättylä
Finland,Särkisalo
Finland,Teekkarikylä
Finland,Turku
Finland,Uusikaupunki
Finland,Vaasa
Finland,Västanfjärd
Finland,Velkua
France,Ajaccio
France,Antibes
France,Bastia
France,Biarritz
France,Brest
France,Cagnes-sur-Mer
France,Calais
France,Cannes
France,Cherbourg-Octeville
France,Concarneau
France,Dieppe
France,Douarnenez
France,Équeurdreville-Hainneville
France,Fécamp
France,La Ciotat
France,La Rochelle
France,La Seyne-sur-Mer
France,Lanester
France,Le Havre
France,Marseille
France,Martigues
France,Menton
France,Nice
France,Port-de-Bouc
France,Royan
France,Saint-Malo
France,Saint-Nazaire
France,Saint-Raphaël
France,Sanary-sur-Mer
France,Sète
France,Toulon
Germany,Altefähr
Germany,Altwarp
Germany,Baltrum
Germany,Barth
Germany,Blomesche Wildnis
Germany,Borgsum
Germany,Born
Germany,Breege
Germany,Bremerhaven
Germany,Buschvitz
Germany,Büsum
Germany,Dagebüll
Germany,Dranske
Germany,Elisabeth-Sophien-Koog
Germany,Fuhlendorf
Germany,Gager
Germany,Glowe
Germany,Grambin
Germany,Gröde
Germany,Grossenbrode
Germany,Hasselberg
Germany,Heikendorf
Germany,Heiligenhafen
Germany,Helgoland
Germany,Hiddensee
Germany,Hooge
Germany,Juist
Germany,Kamminke
Germany,Kellenhusen
Germany,Kiel
Germany,Koserow
Germany,Kronsgaard
Germany,Kröslin
Germany,Krummin
Germany,Laboe
Germany,Langeoog
Germany,Lassan
Germany,Lietzow
Germany,List
Germany,Lubmin
Germany,Lütow
Germany,Middelhagen
Germany,Mönkeberg
Germany,Mönkebude
Germany,Nebel
Germany,Neuenkirchen
Germany,Neufeld
Germany,Neufelderkoog
Germany,Neuharlingersiel
Germany,Neustadt in Holstein
Germany,Noer
Germany,Norddorf
Germany,Norderney
Germany,Ostseebad Binz
Germany,Ostseebad Boltenhagen
Germany,Ostseebad Dierhagen
Germany,Ostseebad Göhren
Germany,Ostseebad Kühlungsborn
Germany,Ostseebad Zinnowitz
Germany,Peenemünde
Germany,Pruchten
Germany,Ralswiek
Germany,Ribnitz-Damgarten
Germany,Rostock
Germany,Sauzin
Germany,Schaprode
Germany,Scharbeutz
Germany,Schillig
Germany,Schobüll
Germany,Seebad Bansin
Germany,Sierksdorf
Germany,Spiekeroog
Germany,Strande
Germany,Thiessow
Germany,Timmendorfer Strand
Germany,Tönning
Germany,Trassenheide
Germany,Tümlauer Koog
Germany,Ückeritz
Germany,Ummanz
Germany,Usedom
Germany,Wangerooge
Germany,Warnemünde
Germany,Wendtorf
Germany,Wesselburenerkoog
Germany,Wiek
Germany,Wismar
Germany,Wittdün
Germany,Wolgast
Germany,Zempin
Germany,Zierow
Germany,Zingst
Gibraltar,Gibraltar
Greece,Aígio
Greece,Alexandroúpoli
Greece,Álimos
Greece,Athens
Greece,Chalkída
Greece,Chaniá
Greece,Chíos
Greece,Elefsína
Greece,Ellinikó
Greece,Heraklion
Greece,Irákleion
Greece,Kallithéa
Greece,Kavála
Greece,Keratsíni
Greece,Kérkyra
Greece,Kos
Greece,Moskháton
Greece,Mytilíni
Greece,Náfpaktos
Greece,Paphos
Greece,Pátra
Greece,Piraeus
Greece,Préveza
Greece,Réthymno
Greece,Rhodes
Greece,Salamís
Greece,Thessaloníki
Greece,Voúla
Greece,Μεσολόγγι
Greenland,Aasiaat
Greenland,Ilulissat
Greenland,Maniitsoq
Greenland,Nanortalik
Greenland,Narsaq
Greenland,Nuuk
Greenland,Qaqortoq
Greenland,Qasigiannguit
Greenland,Sisimiut
Greenland,Tasiilaq
Greenland,Upernavik
Greenland,Uummannaq
Iceland,Akranes
Iceland,Akureyri
Iceland,Álftanes
Iceland,Borgarnes
Iceland,Dalvík
Iceland,Grindavík
Iceland,Höfn
Iceland,Húsavík
Iceland,Ísafjörður
Iceland,Keflavík
Iceland,Kópavogur
Iceland,Njarðvík
Iceland,Reykjavík
Iceland,Sandgerði
Iceland,Seltjarnarnes
Iceland,Siglufjörður
Iceland,Stykkishólmur
Iceland,Vestmannaeyjar
Iceland,Þorlákshöfn
Ireland,An Ros
Ireland,Arklow
Ireland,Balbriggan
Ireland,Ballybunnion
Ireland,Bantry
Ireland,Blackrock
Ireland,Bray
Ireland,Bundoran
Ireland,Carrigaline
Ireland,Clifden
Ireland,Clonakilty
Ireland,Cork
Ireland,Dingle
Ireland,Donegal
Ireland,Drogheda
Ireland,Dublin
Ireland,Dún Laoghaire
Ireland,Dungarvan
Ireland,Dunmore East
Ireland,Gaillimh
Ireland,Greystones
Ireland,Killybegs
Ireland,Kilrush
Ireland,Laytown
Ireland,Loch Garman
Ireland,Malahide
Ireland,Monkstown
Ireland,Moville
Ireland,Passage West
Ireland,Portmarnock
Ireland,Portraine
Ireland,Rosslare
Ireland,Shannon
Ireland,Skerries
Ireland,Trá Mhór
Ireland,Youghal
Italy,Agropoli
Italy,Albenga
Italy,Alghero
Italy,Ancona
Italy,Anzio
Italy,Augusta
Italy,Bacoli
Italy,Bagnoli
Italy,Bari
Italy,Barletta
Italy,Bisceglie
Italy,Cagliari
Italy,Catania
Italy,Cervia
Italy,Cesenatico
Italy,Chioggia
Italy,Civitanova Marche
Italy,Civitavecchia
Italy,Crotone
Italy,Follonica
Italy,Formia
Italy,Francavilla al Mare
Italy,Gaeta
Italy,Gallipoli
Italy,Genoa
Italy,Giovinazzo
Italy,Imperia
Italy,Ischia
Italy,La Spezia
Italy,Licata
Italy,Livorno
Italy,Manfredonia
Italy,Marina di Carrara
Italy,Marsala
Italy,Messina
Italy,Mestre
Italy,Milazzo
Italy,Molfetta
Italy,Monopoli
Italy,Naples
Italy,Nettuno
Italy,Ortona
Italy,Palermo
Italy,Pescara
Italy,Polignano a Mare
Italy,Portici
Italy,Porto Empedocle
Italy,Porto San Giorgio
Italy,Porto Sant'Elpidio
Italy,Pozzallo
Italy,Pozzuoli
Italy,Rapallo
Italy,Reggio Calabria
Italy,Rimini
Italy,Roseto degli Abruzzi
Italy,Salerno
Italy,San Remo
Italy,Savona
Italy,Sciacca
Italy,Sestri Levante
Italy,Siracusa
Italy,Sorrento
Italy,Taranto
Italy,Termini Imerese
Italy,Tor San Lorenzo
Italy,Torre Annunziata
Italy,Torre del Greco
Italy,Trani
Italy,Trapani
Italy,Trieste
Italy,Venice
Italy,Viareggio
Italy,Vico Equense
Latvia,Carnikava
Latvia,Daugavgrīva
Latvia,Engure
Latvia,Mērsrags
Latvia,Salacgrīva
Latvia,Saulkrasti
Latvia,Ventspils
Lithuania,Klaipėda
Lithuania,Neringa
Lithuania,Nida
Malta,Birżebbuġa
Malta,Bugibba
Malta,Cospicua
Malta,Floriana
Malta,Gżira
Malta,Għajnsielem
Malta,Imsida
Malta,Kalkara
Malta,Marsa
Malta,Marsaxlokk
Malta,Mellieha
Malta,Mġarr
Malta,Paola
Malta,Pembroke
Malta,Pietà
Malta,Qala
Malta,Qawra
Malta,Saint Julian's
Malta,Saint Paul's Bay
Malta,Sannat
Malta,Senglea
Malta,Sliema
Malta,Swieqi
Malta,Ta’ Xbiex
Malta,Valletta
Malta,Vittoriosa
Monaco,Fontvieille
Monaco,La Condamine
Monaco,Monaco
Monaco,Moneghetti
Monaco,Monte-Carlo
Montenegro,Bar
Montenegro,Budva
Montenegro,Dobrota
Montenegro,Herceg-Novi
Montenegro,Igalo
Montenegro,Kotor
Montenegro,Lipci
Montenegro,Petrovac na Moru
Montenegro,Risan
Montenegro,Šušanj
Montenegro,Sutomore
Montenegro,Tivat
Netherlands,Almere Stad
Netherlands,Amsterdam
Netherlands,Borssele
Netherlands,Bruinisse
Netherlands,Den Haag
Netherlands,Den Oever
Netherlands,Egmond aan Zee
Netherlands,Enkhuizen
Netherlands,Harlingen
Netherlands,Hoek van Holland
Netherlands,Hoorn
Netherlands,Lemmer
Netherlands,Makkum
Netherlands,Marken
Netherlands,Monnickendam
Netherlands,Nes
Netherlands,Oost-Vlieland
Netherlands,Scharendijke
Netherlands,Scheveningen
Netherlands,Tholen
Netherlands,Urk
Netherlands,Vlissingen
Netherlands,Volendam
Netherlands,West-Terschelling
Netherlands,Willemstad
Netherlands,Yerseke
Norway,Ålesund
Norway,Arendal
Norway,Askøy
Norway,Bergen
Norway,Fredrikstad
Norway,Harstad
Norway,Haugesund
Norway,Horten
Norway,Kristiansand
Norway,Kristiansund
Norway,Mo i Rana
Norway,Moss
Norway,Oslo
Norway,Sandefjord
Norway,Sandnes
Norway,Stavanger
Norway,Steinkjer
Norway,Tromsø
Norway,Trondheim
Norway,Tønsberg
Poland,Chłapowo
Poland,Dziwnów
Poland,Gdańsk
Poland,Gdynia
Poland,Grzybowo
Poland,Hel
Poland,Kamień Pomorski
Poland,Krynica Morska
Poland,Mielno
Poland,Mrzeżyno
Poland,Nowe Warpno
Poland,Puck
Poland,Sopot
Poland,Stepnica
Poland,Tolkmicko
Poland,Wolin
Portugal,Albufeira
Portugal,Alcochete
Portugal,Aldeia de Paio Pires
Portugal,Algés
Portugal,Alhandra
Portugal,Almada
Portugal,Alvor
Portugal,Amadora
Portugal,Amora
Portugal,Angra do Heroísmo
Portugal,Armação de Pêra
Portugal,Arrentela
Portugal,Aver-o-Mar
Portugal,Buarcos
Portugal,Cacilhas
Portugal,Campanário
Portugal,Caniçal
Portugal,Caniço
Portugal,Cascais
Portugal,Corroios
Portugal,Ericeira
Portugal,Espinho
Portugal,Esposende
Portugal,Esposende
Portugal,Estoril
Portugal,Fajã da Ovelha
Portugal,Fajã de Baixo
Portugal,Faro
Portugal,Figueira da Foz
Portugal,Funchal
Portugal,Horta
Portugal,Lagos
Portugal,Leça da Palmeira
Portugal,Lisbon
Portugal,Machico
Portugal,Madalena
Portugal,Matosinhos
Portugal,Monte Estoril
Portugal,Montijo
Portugal,Moscavide
Portugal,Nazaré
Portugal,Olhão
Portugal,Paço de Arcos
Portugal,Peniche
Portugal,Piedade
Portugal,Ponta Delgada
Portugal,Ponta do Sol
Portugal,Portimão
Portugal,Porto
Portugal,Póvoa de Santa Iria
Portugal,Póvoa de Varzim
Portugal,Praia da Vitória
Portugal,Quarteira
Portugal,Rosto de Cão
Portugal,Sagres
Portugal,São João da Talha
Portugal,São Roque do Pico
Portugal,São Vicente
Portugal,Sesimbra
Portugal,Setúbal
Portugal,Sines
Portugal,Tavira
Portugal,Trafaria
Portugal,Viana do Castelo
Portugal,Vila de Porto Santo
Portugal,Vila Franca de Xira
Portugal,Vila Franca do Campo
Portugal,Vila Nova de Milfontes
Slovenia,Ankaran
Slovenia,Izola
Slovenia,Jagodje
Slovenia,Koper
Slovenia,Pirano
Slovenia,Portorož
Spain,A Coruña
Spain,A Guarda
Spain,Adra
Spain,Agaete
Spain,Aguadulce
Spain,Águilas
Spain,Agulo
Spain,Alcocéber
Spain,Algeciras
Spain,Algorta
Spain,Alicante
Spain,Almería
Spain,Almuñécar
Spain,Altafulla
Spain,Altea
Spain,Arenys de Mar
Spain,Ares
Spain,Argoños
Spain,Arrecife
Spain,Axpe-San Bartolome
Spain,Ayamonte
Spain,Badalona
Spain,Baiona
Spain,Bakio
Spain,Barbate de Franco
Spain,Barcelona
Spain,Bárcena de Cicero
Spain,Barlovento
Spain,Benicarló
Spain,Benicàssim
Spain,Benidorm
Spain,Bermeo
Spain,Blanes
Spain,Boiro
Spain,Buenavista del Norte
Spain,Bueu
Spain,Cadaqués
Spain,Cadiz
Spain,Calp
Spain,Camariñas
Spain,Cambados
Spain,Cambrils
Spain,Candelaria
Spain,Cangas
Spain,Carboneras
Spain,Cariño
Spain,Cartagena
Spain,Castell-Platja d'Aro
Spain,Castelló de la Plana
Spain,Castro-Urdiales
Spain,Castropol
Spain,Cedeira
Spain,Cee
Spain,Ceuta
Spain,Chipiona
Spain,Ciutat Vella
Spain,Colera
Spain,Colindres
Spain,Combarro
Spain,Comillas
Spain,Corcubión
Spain,Corralejo
Spain,Cudillero
Spain,Deba
Spain,Denia
Spain,Donostia / San Sebastián
Spain,Ea
Spain,Eixample
Spain,El Astillero
Spain,el Campello
Spain,El Cotillo
Spain,El Puerto de Santa María
Spain,El Varadero
Spain,Elantxobe
Spain,Elexalde Gorliz
Spain,Empuriabrava
Spain,es Camp de Mar
Spain,Es Castell
Spain,Escalante
Spain,Estepona
Spain,Ferrol
Spain,Figueras
Spain,Fisterra
Spain,Garachico
Spain,Garrucha
Spain,Getaria
Spain,Gijón
Spain,Groa de Murviedro
Spain,Guardamar del Segura
Spain,Hondarribia
Spain,Horta-Guinardó
Spain,Huelva
Spain,Ibiza
Spain,Irun
Spain,Isla Cristina
Spain,L'Ampolla
Spain,l'Escala
Spain,L'Hospitalet de Llobregat
Spain,La Laguna
Spain,La Línea de la Concepción
Spain,La Manga del Mar Menor
Spain,La Matanza de Acentejo
Spain,La Pineda
Spain,Laredo
Spain,Las Palmas de Gran Canaria
Spain,Las Rosas
Spain,Laxe
Spain,Lekeitio
Spain,Llanes
Spain,Lloret de Mar
Spain,Los Alcázares
Spain,Luanco
Spain,Magaluf
Spain,Málaga
Spain,Malpica
Spain,Maó
Spain,Mataró
Spain,Melilla
Spain,Miño
Spain,Montgat
Spain,Moraira
Spain,Mugardos
Spain,Mugia
Spain,Mundaka
Spain,Muros
Spain,Mutriku
Spain,Navia
Spain,Noia
Spain,Noja
Spain,Nou Barris
Spain,O Grove
Spain,Ondarroa
Spain,Orio
Spain,Orpesa/Oropesa del Mar
Spain,Palamós
Spain,Palma de Mallorca
Spain,Pasaia
Spain,Peníscola
Spain,Playa Blanca
Spain,Playa de las Américas
Spain,Plentzia
Spain,Poio
Spain,Pontevedra
Spain,Port d'Alcúdia
Spain,Portbou
Spain,Porto do Son
Spain,Portugalete
Spain,Puerto de la Cruz
Spain,Puerto del Carmen
Spain,Puerto del Rosario
Spain,Puerto Real
Spain,Puerto Rico de Gran Canaria
Spain,Punta Umbría
Spain,Redondela
Spain,Retamar
Spain,Rianxo
Spain,Ribadeo
Spain,Ribadesella
Spain,Rincón de la Victoria
Spain,Roses
Spain,Rota
Spain,s'Arenal
Spain,Sada
Spain,Salou
Spain,San Juan de la Rambla
Spain,San Vicente de la Barquera
Spain,Sant Antoni de Portmany
Spain,Sant Carles de la Ràpita
Spain,Sant Feliu de Guíxols
Spain,Sant Martí
Spain,Santa Cruz de Tenerife
Spain,Santa Eulària des Riu
Spain,Santa Pola
Spain,Santa Ponsa
Spain,Santa Susanna
Spain,Santander
Spain,Santoña
Spain,Sants-Montjuïc
Spain,Santurtzi
Spain,Sanxenxo
Spain,Sestao
Spain,Sitges
Spain,Soto del Barco
Spain,Suances
Spain,Tapia de Casariego
Spain,Tarifa
Spain,Tarragona
Spain,Torrevieja
Spain,Tossa de Mar
Spain,Valencia
Spain,Vigo
Spain,Vilagarcía de Arousa
Spain,Vilanova de Arousa
Spain,Villajoyosa
Spain,Vinaròs
Spain,Viveiro
Spain,Zarautz
Spain,Zumaia
Sweden,Åkersberga
Sweden,Alunda
Sweden,Andalen
Sweden,Anneberg
Sweden,Bara
Sweden,Båstad
Sweden,Bergnäset
Sweden,Billdal
Sweden,Borgholm
Sweden,Brevik
Sweden,Dalarö
Sweden,Donsö
Sweden,Falkenberg
Sweden,Färjestaden
Sweden,Frillesås
Sweden,Gammelstad
Sweden,Gothenburg
Sweden,Haparanda
Sweden,Härnösand
Sweden,Hasslö
Sweden,Helsingborg
Sweden,Henån
Sweden,Hjuvik
Sweden,Höganäs
Sweden,Höllviken
Sweden,Holmsund
Sweden,Hönö
Sweden,Hörnefors
Sweden,Höviksnäs
Sweden,Hudiksvall
Sweden,Hunnebostrand
Sweden,Husum
Sweden,Iggesund
Sweden,Kalix
Sweden,Kalmar
Sweden,Karlshamn
Sweden,Karlskrona
Sweden,Klintehamn
Sweden,Kramfors
Sweden,Kummelnäs
Sweden,Landskrona
Sweden,Lindö
Sweden,Ljunghusen
Sweden,Ljungskile
Sweden,Ljusne
Sweden,Lomma
Sweden,Luleå
Sweden,Lysekil
Sweden,Malmö
Sweden,Marieberg
Sweden,Marielund
Sweden,Marstrand
Sweden,Mönsterås
Sweden,Mörbylånga
Sweden,Mörtnäs
Sweden,Myggenäs
Sweden,Nordmaling
Sweden,Norrsundet
Sweden,Nyköping
Sweden,Nynäshamn
Sweden,Obbola
Sweden,Öckerö
Sweden,Öregrund
Sweden,Örnsköldsvik
Sweden,Oskarshamn
Sweden,Östermalm
Sweden,Östhammar
Sweden,Oxelösund
Sweden,Pershagen
Sweden,Piteå
Sweden,Resarö
Sweden,Rinkabyholm
Sweden,Rolfs
Sweden,Rönnäng
Sweden,Rydebäck
Sweden,Saltsjöbaden
Sweden,Sandarne
Sweden,Särö
Sweden,Simrishamn
Sweden,Skelleftehamn
Sweden,Skutskär
Sweden,Slite
Sweden,Smögen
Sweden,Södra Bergsbyn
Sweden,Södra Sunderbyn
Sweden,Stenungsund
Sweden,Stockholm
Sweden,Stockvik
Sweden,Strömstad
Sweden,Sturkö
Sweden,Styrsö
Sweden,Sundsbruk
Sweden,Svanesund
Sweden,Täfteå
Sweden,Timmernabben
Sweden,Timrå
Sweden,Töre
Sweden,Träslövsläge
Sweden,Trelleborg
Sweden,Trosa
Sweden,Ursviken
Sweden,Varberg
Sweden,Västervik
Sweden,Vaxholm
Sweden,Vejbystrand
Sweden,Visby
Sweden,Ystad
Ukraine,Berdyans’k
Ukraine,Chornomors’ke
Ukraine,Feodosiya
Ukraine,Foros
Ukraine,Hurzuf
Ukraine,Kacha
Ukraine,Kerch
Ukraine,Kryzhanivka
Ukraine,Livadiya
Ukraine,Mariupol'
Ukraine,Miskhor
Ukraine,Mizhvodne
Ukraine,Mykolayivka
Ukraine,Mysove
Ukraine,Novoazovs'k
Ukraine,Novyi Svit
Ukraine,Novyy Svit
Ukraine,Odessa
Ukraine,Oleksandrivka
Ukraine,Ovidiopol’
Ukraine,Partenit
Ukraine,Rybakivka
Ukraine,Scholkine
Ukraine,Sevastopol’
Ukraine,Simeiz
Ukraine,Skadovsk
Ukraine,Yevpatoriya
Ukraine,Zatoka
United,Aberdeen
United,Aberystwyth
United,Ayr
United,Barnstaple
United,Belfast
United,Berwick-Upon-Tweed
United,Bideford
United,Birkenhead
United,Blackpool
United,Blyth
United,Bournemouth
United,Brighton
United,Brixham
United,Broadstairs
United,Buckhaven
United,Burnham-on-Sea
United,Cardiff
United,Carrickfergus
United,Christchurch
United,Cleethorpes
United,Clevedon
United,Cowes
United,Crosby
United,Deal
United,Derry
United,Dumbarton
United,Dundee
United,Edinburgh
United,Emsworth
United,Erskine
United,Exmouth
United,Falmouth
United,Fareham
United,Felixstowe
United,Fleetwood
United,Folkestone
United,Gillingham
United,Gosport
United,Grays
United,Greenock
United,Harwich
United,Hayling Island
United,Hull
United,Hythe
United,Isle of Lewis
United,Kirkcaldy
United,Larne
United,Littlehampton
United,Liverpool
United,Llandudno
United,Llanelli
United,Lowestoft
United,Lytham St Annes
United,Musselburgh
United,Newport
United,Newquay
United,Newtownabbey
United,Orkney
United,Penarth
United,Penzance
United,Peterhead
United,Plymouth
United,Poole
United,Port Glasgow
United,Porthcawl
United,Portsmouth
United,Ramsgate
United,Redcar
United,Rhyl
United,Runcorn
United,Ryde
United,Saint Andrews
United,Saint Austell
United,Sandown
United,Scarborough
United,Shetland
United,Shoreham-by-Sea
United,South Shields
United,Southampton
United,Southend-on-Sea
United,Sunderland
United,Swansea
United,Teignmouth
United,Totton
United,Tynemouth
United,Weston-super-Mare
United,Weymouth
United,Whitstable
United,Widnes
Bahrain,Al Ḩadd
Bahrain,Al Muḩarraq
Bahrain,Jidd Ḩafş
Bahrain,Manama
Bahrain,Sitrah
Iran,Bandar Būshehr
Iran,Bandar ‘Abbās
Iran,Bandar-e Lengeh
Iran,Kīsh
Iran,Qeshm
Iraq,Al Fāw
Israel,Ashdod
Israel,Haifa
Israel,H̱olon
Israel,Nahariyya
Israel,Netanya
Israel,Tel Aviv
Israel,Yafo
Israel,‘Akko
Jordan,Aqaba
Kuwait,Al Finţās
Kuwait,Al Funayţīs
Kuwait,Al Mahbūlah
Kuwait,Al Manqaf
Kuwait,As Sālimīyah
Lebanon,Batroûn
Lebanon,Beirut
Lebanon,Djounie
Lebanon,Jbaïl
Lebanon,Ra’s Bayrūt
Lebanon,Sidon
Lebanon,Tripoli
Lebanon,Tyre
Oman,As Sīb al Jadīdah
Oman,Bawshar
Oman,Dib Dibba
Oman,Muscat
Oman,Şalālah
Oman,Şūr
Palestine,Gaza
Palestine,Jabālyā
Palestine,Khān Yūnis
Qatar,Al Khawr
Qatar,Al Wakrah
Qatar,Ar Ru’ays
Qatar,Az̧ Z̧a‘āyin
Qatar,Doha
Saudi,Ad Dammām
Saudi,Al Jubayl
Saudi,Al Khafjī
Saudi,Al Khubar
Saudi,Al Qaţīf
Saudi,Al Wajh
Saudi,At Tūbī
Saudi,Jeddah
Saudi,Jīzān
Saudi,Tārūt
Saudi,Umm Lajj
Saudi,Yanbu‘ al Baḩr
Saudi,Zbe
Turkey,Adalar
Turkey,Alanya
Turkey,Alaplı
Turkey,Aliağa
Turkey,Amasra
Turkey,Antalya
Turkey,Araklı
Turkey,Ardeşen
Turkey,Arhavi
Turkey,Ataşehir
Turkey,Ayancık
Turkey,Ayvalık
Turkey,Bağcılar
Turkey,Bahçelievler
Turkey,Bandırma
Turkey,Bodrum
Turkey,Bozcaada
Turkey,Büyükçekmece
Turkey,Çanakkale
Turkey,Çandarlı
Turkey,Çatalzeytin
Turkey,Çeşme
Turkey,Çınarcık
Turkey,Datça
Turkey,Derepazarı
Turkey,Dikili
Turkey,Eceabat
Turkey,Eminönü
Turkey,Erdek
Turkey,Ereğli
Turkey,Esenler
Turkey,Fatsa
Turkey,Fethiye
Turkey,Fındıklı
Turkey,Finike
Turkey,Foça
Turkey,Gebze
Turkey,Gelibolu
Turkey,Gemlik
Turkey,Gerze
Turkey,Giresun
Turkey,Göcek
Turkey,Görele
Turkey,Gülyalı
Turkey,Halıdere
Turkey,İskenderun
Turkey,İstanbul
Turkey,İzmir
Turkey,İzmit
Turkey,Kalkan
Turkey,Karabağlar
Turkey,Karaburun
Turkey,Karamürsel
Turkey,Kaş
Turkey,Kemer
Turkey,Keşap
Turkey,Kınalı
Turkey,Koru
Turkey,Kurucaşile
Turkey,Kuşadası
Turkey,Lâpseki
Turkey,Maltepe
Turkey,Marmara
Turkey,Marmaraereğlisi
Turkey,Marmaris
Turkey,Mercin
Turkey,Mimarsinan
Turkey,Mudanya
Turkey,Of
Turkey,Ordu
Turkey,Perşembe
Turkey,Piraziz
Turkey,Rize
Turkey,Samsun
Turkey,Sarigerme
Turkey,Side
Turkey,Şile
Turkey,Silivri
Turkey,Sinop
Turkey,Şişli
Turkey,Skefe
Turkey,Sürmene
Turkey,Tavşancıl
Turkey,Tekirdağ
Turkey,Tepecik
Turkey,Tirebolu
Turkey,Trabzon
Turkey,Türkeli
Turkey,Umraniye
Turkey,Üsküdar
Turkey,Yalova
Turkey,Zeytinburnu
Turkey,Zonguldak
United,Abu Dhabi
United,Dibā
United,Dubai
United,Ra’s al Khaymah
United,Sharjah
United,Umm al Qaywayn
United,`Ajmān
Yemen,Aden
Yemen,Al Ḩudaydah
Yemen,Al Luḩayyah
Yemen,Al Ma‘allā’
Yemen,Al Mukallā
Yemen,Aş Şalīf
Yemen,At Tawāhī
Yemen,Burūm
Yemen,Dhubāb
Yemen,Khawr Maksar
Yemen,Kilmia
Yemen,Qulansiyah
Canada,Baie-Comeau
Canada,Baie-Saint-Paul
Canada,Bathurst
Canada,Bay Roberts
Canada,Beaupré
Canada,Bonaventure
Canada,Bonavista
Canada,Botwood
Canada,Bowen Island
Canada,Burgeo
Canada,Campbellton
Canada,Carbonear
Canada,Carleton-sur-Mer
Canada,Catalina
Canada,Chandler
Canada,Channel-Port aux Basques
Canada,Charlottetown
Canada,Château-Richer
Canada,Chester
Canada,Chute-aux-Outardes
Canada,Clarenville-Shoal Harbour
Canada,Cornwall
Canada,Dartmouth
Canada,Digby
Canada,Gambo
Canada,Gaspé
Canada,Gibsons
Canada,Gjoa Haven
Canada,Glace Bay
Canada,Goderich
Canada,Grand Bank
Canada,Greater Napanee
Canada,Halifax
Canada,Hamilton
Canada,Hantsport
Canada,Harbour Breton
Canada,Havre-Saint-Pierre
Canada,Kingston
Canada,Kugluktuk
Canada,La Malbaie
Canada,Ladner
Canada,Lévis
Canada,Lewisporte
Canada,Little Current
Canada,Lunenburg
Canada,Marystown
Canada,Mississauga
Canada,Montague
Canada,Montmagny
Canada,Nanaimo
Canada,Napanee Downtown
Canada,New-Richmond
Canada,Niagara Falls
Canada,Oakville
Canada,Oshawa
Canada,Pangnirtung
Canada,Parksville
Canada,Parrsboro
Canada,Port Alberni
Canada,Port Hawkesbury
Canada,Powell River
Canada,Québec
Canada,Rankin Inlet
Canada,Richmond
Canada,Rimouski
Canada,Saint Andrews
Canada,Saint John
Canada,Saint-Augustin
Canada,Sainte-Anne-des-Monts
Canada,Sarnia
Canada,Sechelt
Canada,Shediac
Canada,Souris
Canada,St. Catharines
Canada,St. John's
Canada,Stephenville
Canada,Stephenville Crossing
Canada,Summerside
Canada,Surrey
Canada,Sydney
Canada,Sydney Mines
Canada,Thessalon
Canada,Thorold
Canada,Tofino
Canada,Torbay
Canada,Toronto
Canada,Ucluelet
Canada,Vancouver
Canada,Victoria
Canada,Windsor
Canada,Yarmouth
United,Aberdeen
United,Alameda
United,Anacortes
United,Anchorage
United,Annapolis
United,Asbury Park
United,Ashtabula
United,Atlantic City
United,Aventura
United,Bainbridge Island
United,Baltimore
United,Barnstable
United,Bay Village
United,Bayonne
United,Bayshore Gardens
United,Bellingham
United,Bensonhurst
United,Beverly Cove
United,Biloxi
United,Boca Raton
United,Bonita Springs
United,Borough of Bronx
United,Boston
United,Boynton Beach
United,Bradenton
United,Bremerton
United,Bridgeport
United,Brooklyn
United,Brunswick
United,Buffalo
United,Burlingame
United,Cape Coral
United,Carlsbad
United,Charleston
United,Chelsea
United,Cherry Hill
United,Chesapeake
United,Chicago
United,Chula Vista
United,Clearwater
United,Clearwater Beach
United,Cleveland
United,Cocoa
United,Coconut Grove
United,Coney Island
United,Coral Gables
United,Coronado
United,Corpus Christi
United,Cutler
United,Dana Point
United,Dania Beach
United,Daytona Beach
United,Deerfield Beach
United,Delray Beach
United,Des Moines
United,Detroit
United,Dundalk
United,Dunedin
United,East New York
United,East Norwalk
United,East Pensacola Heights
United,East Setauket
United,Encinitas
United,Erie
United,Essex
United,Everett
United,Fairhaven
United,Fall River
United,Fort Lauderdale
United,Fort Pierce
United,Fort Walton Beach
United,Fremont
United,Galveston
United,Gautier
United,Gloucester
United,Green Bay
United,Gulfport
United,Hallandale Beach
United,Hampton
United,Hercules
United,Hilo
United,Hilton Head Island
United,Hoboken
United,Hollywood
United,Homestead
United,Honolulu
United,Huntington Beach
United,Iona
United,Isla Vista
United,Islip
United,Jacksonville
United,Jacksonville Beach
United,Jamaica
United,Jersey City
United,Juneau
United,Jupiter
United,Kahului
United,Kailua
United,Kāne‘ohe
United,Kenosha
United,Key West
United,Kīhei
United,La Jolla
United,Laguna Beach
United,Lake Worth
United,Long Beach
United,Long Beach
United,Long Branch
United,Longview
United,Lynn
United,Lynn Haven
United,Mamaroneck
United,Manhattan
United,Manhattan Beach
United,Manitowoc
United,Marblehead
United,Melbourne
United,Miami
United,Milford
United,Milwaukee
United,Mobile
United,Monroe
United,Monterey
United,Mount Clemens
United,Mukilteo
United,Myrtle Beach
United,Naples
United,New Bedford
United,New Haven
United,New London
United,New York City
United,Newark
United,Newport
United,Newport News
United,Niagara Falls
United,Norfolk
United,North Fort Myers
United,Oak Harbor
United,Oakland
United,Oceanside
United,Ormond Beach
United,Oswego
United,Oxnard
United,Oxnard Shores
United,Pacific Grove
United,Palm Bay
United,Palm City
United,Palm Harbor
United,Pascagoula
United,Pearl City
United,Pensacola
United,Perth Amboy
United,Philadelphia
United,Pinole
United,Pleasantville
United,Pompano Beach
United,Port Angeles
United,Port Hueneme
United,Port Huron
United,Port Saint Lucie
United,Port Washington
United,Portland
United,Portsmouth
United,Providence
United,Rancho Palos Verdes
United,Redondo Beach
United,Redwood City
United,Richmond
United,Riviera Beach
United,Rochester
United,Rockledge
United,Rocky River
United,Ruskin
United,Safety Harbor
United,Saint Clair Shores
United,Saint Petersburg
United,Salem
United,San Clemente
United,San Diego
United,San Francisco
United,Santa Barbara
United,Santa Cruz
United,Sarasota
United,Seal Beach
United,Seattle
United,Seminole
United,Severna Park
United,Silverdale
United,South Boston
United,South Portland
United,Stamford
United,Staten Island
United,Stuart
United,Tacoma
United,Tampa
United,Tarpon Springs
United,Titusville
United,Toledo
United,Tonawanda
United,Trenton
United,Venice
United,Ventura
United,Virginia Beach
United,Waipahu
United,Warwick
United,West Palm Beach
United,West Seneca
United,Willoughby
United,Wilmington
United,Winthrop
Argentina,Buenos Aires
Argentina,Caleta Olivia
Argentina,Camarones
Argentina,Comodoro Rivadavia
Argentina,Mar del Plata
Argentina,Puerto Madryn
Argentina,Quilmes
Argentina,Retiro
Argentina,Río Gallegos
Argentina,San Antonio Oeste
Argentina,Tigre
Brazil,Alcântara
Brazil,Ananindeua
Brazil,Angra dos Reis
Brazil,Antonina
Brazil,Aracaju
Brazil,Areia Branca
Brazil,Armação
Brazil,Armação de Búzios
Brazil,Arraial do Cabo
Brazil,Augusto Corrêa
Brazil,Balneário Camboriú
Brazil,Barcarena
Brazil,Barra de Santo Antônio
Brazil,Barra dos Coqueiros
Brazil,Barra Velha
Brazil,Belém
Brazil,Belmonte
Brazil,Bertioga
Brazil,Biguaçu
Brazil,Cabedelo
Brazil,Cabo Frio
Brazil,Cametá
Brazil,Camocim
Brazil,Campinas
Brazil,Cananéia
Brazil,Canavieiras
Brazil,Capão da Canoa
Brazil,Caraguatatuba
Brazil,Caucaia
Brazil,Conceição da Barra
Brazil,Costeira do Pirajubae
Brazil,Disney
Brazil,Duque de Caxias
Brazil,Fernando de Noronha (Distrito Estadual)
Brazil,Florianópolis
Brazil,Fortaleza
Brazil,Freguesia do Ribeirao da Ilha
Brazil,Guaíba
Brazil,Guarapari
Brazil,Guaratuba
Brazil,Guarujá
Brazil,Iguape
Brazil,Ilhabela
Brazil,Ilhéus
Brazil,Imbituba
Brazil,Itacaré
Brazil,Itajaí
Brazil,Itamaracá
Brazil,Itanhaém
Brazil,Itapema
Brazil,Itapissuma
Brazil,Jaboatão
Brazil,João Pessoa
Brazil,Joinville
Brazil,Laguna
Brazil,Limoeiro do Ajuru
Brazil,Luís Correia
Brazil,Macaé
Brazil,Macapá
Brazil,Macau
Brazil,Maceió
Brazil,Madre de Deus
Brazil,Mangaratiba
Brazil,Maragogi
Brazil,Marapanim
Brazil,Marataizes
Brazil,Marechal Deodoro
Brazil,Mucuri
Brazil,Natal
Brazil,Navegantes
Brazil,Niterói
Brazil,Nova Viçosa
Brazil,Oeiras do Pará
Brazil,Olinda
Brazil,Palhoça
Brazil,Pantano do Sul
Brazil,Paracuru
Brazil,Paranaguá
Brazil,Parati
Brazil,Paulista
Brazil,Penha
Brazil,Peruíbe
Brazil,Pitimbu
Brazil,Piúma
Brazil,Porto Alegre
Brazil,Porto Belo
Brazil,Porto Seguro
Brazil,Praia Grande
Brazil,Recife
Brazil,Rio das Ostras
Brazil,Rio de Janeiro
Brazil,Rio Grande
Brazil,Saco dos Limoes
Brazil,Salinópolis
Brazil,Salvador
Brazil,Santa Cruz Cabrália
Brazil,Santana
Brazil,Santos
Brazil,São Caetano de Odivelas
Brazil,São Francisco do Conde
Brazil,São Francisco do Sul
Brazil,São João de Pirabas
Brazil,São José da Coroa Grande
Brazil,São José de Ribamar
Brazil,São Luís
Brazil,São Sebastião
Brazil,São Vicente
Brazil,Soure
Brazil,Tapera
Brazil,Tapes
Brazil,Tijucas
Brazil,Touros
Brazil,Tramandaí
Brazil,Trindade
Brazil,Tutóia
Brazil,Ubatuba
Brazil,Vigia
Brazil,Vila Velha
Brazil,Vitória
Chile,Ancud
Chile,Antofagasta
Chile,Arauco
Chile,Arica
Chile,Calbuco
Chile,Concepción
Chile,Constitución
Chile,Coquimbo
Chile,Corral
Chile,Hanga Roa
Chile,Iquique
Chile,La Serena
Chile,Lota
Chile,Pichilemu
Chile,Puerto Chacabuco
Chile,Puerto Cisnes
Chile,Puerto Montt
Chile,Punta Arenas
Chile,Talcahuano
Chile,Taltal
Chile,Tocopilla
Chile,Valparaíso
Chile,Viña del Mar
Colombia,Acandí
Colombia,Arboletes
Colombia,Barranquilla
Colombia,Buenaventura
Colombia,Cartagena
Colombia,El Charco
Colombia,Juradó
Colombia,Manaure
Colombia,Mosquera
Colombia,Mountain
Colombia,Necoclí
Colombia,Nuquí
Colombia,Pizarro
Colombia,Puebloviejo
Colombia,Puerto Colombia
Colombia,San Andrés
Colombia,Santa Marta
Colombia,Turbo
Ecuador,Bahía de Caráquez
Ecuador,Durán
Ecuador,Guayaquil
Ecuador,Machala
Ecuador,Manta
Ecuador,Muisne
Ecuador,Playas
Ecuador,Puerto Ayora
Ecuador,Puerto Villamil
Ecuador,San Cristóbal
Ecuador,Valdez
Falkland,Stanley
French,Cayenne
French,Kourou
French,Macouria
French,Mana
French,Rémire-Montjoly
Guyana,Georgetown
Guyana,New Amsterdam
Guyana,Rosignol
Guyana,Skeldon
Peru,Caleta de Carquín
Peru,Callao
Peru,Cancas
Peru,Chala
Peru,Chancay
Peru,Chimbote
Peru,Chincha Alta
Peru,Coishco
Peru,Huanchaco
Peru,Huaura
Peru,Ilo
Peru,La Caleta Culebras
Peru,Lima
Peru,Lobitos
Peru,Lomas
Peru,Los Organos
Peru,Máncora
Peru,Mollendo
Peru,Negritos
Peru,Pacasmayo
Peru,Paita
Peru,Paracas
Peru,Pimentel
Peru,Pucusana
Peru,Pueblo Nuevo
Peru,Puerto Santa
Peru,Puerto Supe
Peru,Punta Hermosa
Peru,Quilca
Peru,Salinera Colán
Peru,Samanco
Peru,San Bartolo
Peru,San Isidro
Peru,San Juan
Peru,Surco
Peru,Talara
Peru,Trujillo
Peru,Tumbes
Peru,Végueta
Peru,Zorritos
Suriname,Nieuw Nickerie
Suriname,Paramaribo
Uruguay,Colonia del Sacramento
Uruguay,Juan L. Lacaze
Uruguay,La Floresta
Uruguay,Montevideo
Uruguay,Piriápolis
Uruguay,Punta del Este
Uruguay,Santiago Vázquez
Venezuela,Araya
Venezuela,Barcelona
Venezuela,Boca del Río
Venezuela,Cabimas
Venezuela,Carúpano
Venezuela,Catia La Mar
Venezuela,Chichiriviche
Venezuela,Cumaná
Venezuela,El Toro
Venezuela,Irapa
Venezuela,Juan Griego
Venezuela,La Guaira
Venezuela,La Vela de Coro
Venezuela,Lecherías
Venezuela,Maiquetía
Venezuela,Maracaibo
Venezuela,Marigüitar
Venezuela,Pampatar
Venezuela,Pedernales
Venezuela,Puerto Cabello
Venezuela,Puerto La Cruz
Venezuela,Punta Cardón
Venezuela,Punta de Piedras
Venezuela,Punto Fijo
Venezuela,Río Caribe
Venezuela,San Antonio del Golfo
Venezuela,Santa Cruz de los Taques
Venezuela,Tía Juana
Venezuela,Tucacas
